{
  "project_info": {
    "project_number": "788580219301",
    "project_id": "noexis-flutter-task",
    "storage_bucket": "noexis-flutter-task.appspot.com"
  },
  "client": [
    {
      "client_info": {
        "mobilesdk_app_id": "1:788580219301:android:692581365d88f345b9104c",
        "android_client_info": {
          "package_name": "com.example.noexis_flutter_task"
        }
      },
      "oauth_client": [],
      "api_key": [
        {
          "current_key": "AIzaSyBK6r8CopJOgfCKmqhghbsm5p8ANS6f9MQ"
        }
      ],
      "services": {
        "appinvite_service": {
          "other_platform_oauth_client": []
        }
      }
    }
  ],
  "configuration_version": "1"
}